Model,Success_Rate,Avg_Response_Time_ms,P95_Response_Time_ms,Quality_Score
llama3.2:latest,1.0,5201.82785987854,7555.283784866333,20.0
llama2:7b,1.0,9602.127798398336,13360.442638397217,20.0
mistral:latest,1.0,6943.001023928325,11516.480922698975,23.333333333333332
deepseek-coder:6.7b,1.0,6760.879445075989,13257.729053497314,3.3333333333333335
